epoch,acc,fmeasure,loss,lr,precision,recall,val_acc,val_fmeasure,val_loss,val_precision,val_recall
0,0.6249999974084937,0.08695651137310526,5.073745167773703,0.001,0.07826086749201236,0.09782608695652174,0.665,0.0,5.434981631040573,0.0,0.0
1,0.6331521713215372,0.0,5.948920996292777,0.001,0.0,0.0,0.665,0.0,5.43570409938693,0.0,0.0
2,0.6331521765045498,0.0,5.9490727756334385,0.001,0.0,0.0,0.665,0.0,5.435788540393114,0.0,0.0
3,0.6331521765045498,0.0,5.949122926463252,0.001,0.0,0.0,0.665,0.0,5.435793695151806,0.0,0.0
